{
    "Average RMSE": 4.218229401604583,
    "Average MAE": 1.02018903442287
}