{
    "Average RMSE": 4.462332896703757,
    "Average MAE": 1.0322741653403582
}