{
    "Average RMSE": 5.619156927889947,
    "Average MAE": 1.1843986083507312
}